[{"nombre":"Angel","apellidos":"ca","telefono":"43","email":"34@d.c","password":"444","imagen":"default.png"},{"nombre":"Angel","apellidos":"ca","telefono":"43","email":"34@d.c","password":"444","imagen":"default.png"},{"nombre":"Angel","apellidos":"ca","telefono":"43","email":"34@d.c","password":"444","imagen":"default.png"},{"nombre":"Angel","apellidos":"ca","telefono":"43","email":"34@d.c","password":"444","imagen":"default.png"},{"nombre":"Angel","apellidos":"ca","telefono":"43","email":"34@d.c","password":"444","imagen":"default.png"},{"nombre":"Angel","apellidos":"ca","telefono":"43","email":"34@d.c","password":"444","imagen":"default.png"},{"nombre":"Angel","apellidos":"ca","telefono":"43","email":"34@d.c","password":"444","imagen":"default.png"},{"nombre":"Angel","apellidos":"ca","telefono":"43","email":"34@d.c","password":"444","imagen":"default.png"},{"nombre":"Angel","apellidos":"ca","telefono":"43","email":"34@d.c","password":"444","imagen":"default.png"},{"nombre":"Angel","apellidos":"ca","telefono":"43","email":"34@d.c","password":"444","imagen":"default.png"},{"nombre":"Angel","apellidos":"ca","telefono":"43","email":"34@d.c","password":"444","imagen":"default.png"},{"nombre":"Angel","apellidos":"ca","telefono":"43","email":"34@d.c","password":"444","imagen":"default.png"},{"nombre":"Angel","apellidos":"ca","telefono":"43","email":"34@d.c","password":"444","imagen":"default.png"},{"nombre":"Angel","apellidos":"ca","telefono":"43","email":"34@d.c","password":"444","imagen":"default.png"},{"nombre":"Angel","apellidos":"ca","telefono":"43","email":"34@d.c","password":"444","imagen":"default.png"},{"nombre":"Angel","apellidos":"ca","telefono":"43","email":"34@d.c","password":"444","imagen":"default.png"}]